lr,freeze_layers,weight_decay,acc,f1
0.00003,0,0.01,0.766,0.739
0.00005,2,0.00,0.253,0.217
0.00002,0,0.01,0.340,0.323
0.00003,4,0.00,0.770,0.526
